name,address,city,state,zip,lat,lon,price
1369 Coffee House,1369 Cambridge St,Cambridge,MA,2139,42.373695,-71.10044,3
1369 Coffee House,757 Massachusetts Ave,Cambridge,MA,2139,42.366432,-71.10543,3
Aceituna Cafe,605 W Kendall St,Cambridge,MA,2142,42.36437,-71.081924,2
Al's Deli Cafe-Cambridge,1354 Massachusetts Ave,Cambridge,MA,2138,42.373238,-71.11834,2
Algiers Coffee House,40 Brattle St # 3,Cambridge,MA,2138,42.37384,-71.12138,2
Area Four,500 Technology Sq,Cambridge,MA,2139,42.36342,-71.091286,3
B & B Snack Bar,55 Broadway,Cambridge,MA,2142,42.36341,-71.08602,1
Basha Cafe,26 New St,Cambridge,MA,2138,42.387756,-71.14083,3
Beantowne Coffee House,1 Kendall Sq # B2105,Cambridge,MA,2139,42.366606,-71.090858,1
Boston Tea Stop,54 Jfk St # 1,Cambridge,MA,2138,42.37198,-71.12067,2
Broadway Marketplace LLC,468 Broadway,Cambridge,MA,2138,42.374096,-71.11313,3
Cafe Avec,2269 Massachusetts Ave # 1,Cambridge,MA,2140,42.39454,-71.12708,1
Cafe Pamplona,12 Bow St,Cambridge,MA,2138,42.371605,-71.1157,1
Cafe Zing,25 White St,Cambridge,MA,2140,42.38885,-71.11851,1
Cambridge Coffee Shop,847 Cambridge St,Cambridge,MA,2141,42.37246,-71.09102,3
Central Brew Cafe & Espresso,350 Massachusetts Ave,Cambridge,MA,2139,42.36276,-71.099236,2
Conroy Commons,13 Appian Way,Cambridge,MA,2138,42.375237,-71.12187,1
Crema Cafe,27 Brattle St,Cambridge,MA,2138,42.37364,-71.121185,3
Dado Tea,955 Massachusetts Ave # 4,Cambridge,MA,2139,42.36896,-71.11014,2
Dado Tea 50 Church Street,50 Church St,Cambridge,MA,2138,42.374268,-71.12072,3
Darwin's Limited,148 Mount Auburn St,Cambridge,MA,2138,42.37409,-71.124954,3
Darwin's Limited,1629 Cambridge St,Cambridge,MA,2138,42.374847,-71.1095,2
Discovery Cafe,301 Binney St,Cambridge,MA,2142,42.36659,-71.08831,1
Dunkin' Donuts,1 Broadway # 2,Cambridge,MA,2142,42.362,-71.08262,1
Dunkin' Donuts,1 White St,Cambridge,MA,2140,42.38863,-71.11892,1
Dunkin' Donuts,100 Cambridgeside Pl # 125,Cambridge,MA,2141,42.36858,-71.076715,1
Dunkin' Donuts,1001 Cambridge St,Cambridge,MA,2141,42.372818,-71.093704,1
Dunkin' Donuts,1003 Massachusetts Ave,Cambridge,MA,2138,42.369423,-71.11141,1
Dunkin' Donuts,201 Alewife Brook Pkwy,Cambridge,MA,2138,42.389206,-71.14297,1
Dunkin' Donuts,222 Broadway,Cambridge,MA,2139,42.36653,-71.094,1
Dunkin' Donuts,2480 Massachusetts Ave,Cambridge,MA,2140,42.398865,-71.13211,1
Dunkin' Donuts,5 3rd St,Cambridge,MA,2141,42.37242,-71.07953,1
Dunkin' Donuts,5 Cambridgepark Dr # 3,Cambridge,MA,2140,42.39465,-71.14183,1
Dunkin' Donuts,517 Concord Ave,Cambridge,MA,2138,42.387127,-71.1415,1
Dunkin' Donuts,61 Church St,Cambridge,MA,2138,42.37413,-71.12106,1
Dunkin' Donuts,616 Massachusetts Ave,Cambridge,MA,2139,42.365105,-71.10325,1
Dunkin' Donuts,65 Jfk St,Cambridge,MA,2138,42.371624,-71.12099,1
Dunkin' Donuts,808 Memorial Dr,Cambridge,MA,2139,42.36088,-71.11589,1
Dunkin' Donuts,84 Massachusetts Ave # W 20,Cambridge,MA,2139,42.359676,-71.0942,1
Dunkin' Donuts,Harvard Mbta Sta,Cambridge,MA,2163,42.371624,-71.12099,1
Dwell Time,364 Broadway,Cambridge,MA,2139,42.370617,-71.10432,1
Expresso Cafe,201 Broadway,Cambridge,MA,2139,42.366386,-71.093605,3
Fort Point Tea Co,26 Alewife Brook Pkwy,Cambridge,MA,2140,42.402267,-71.13474,2
Harvard Dining Svc,12 Quincy St,Cambridge,MA,2138,42.37314,-71.114914,2
Hub Donuts Inc,199 Alewife Brook Pkwy,Cambridge,MA,2138,42.38961,-71.14265,2
Hub Donuts Inc,517 Concord Ave,Cambridge,MA,2138,42.387127,-71.1415,2
Kendall Kitchen,201 Broadway # 25,Cambridge,MA,2139,42.366386,-71.093605,3
LA Luna Caffe,403 Massachusetts Ave,Cambridge,MA,2139,42.36359,-71.10064,1
Mariposa Bakery,424 Massachusetts Ave,Cambridge,MA,2139,42.363686,-71.10082,1
Museum Market,12 Museum Way,Cambridge,MA,2141,42.36886,-71.07228,2
Sebastians,7 Cambridge Ctr,Cambridge,MA,2142,42.362997,-71.088774,3
Darwin's Limited,245 Massachusetts Ave,Cambridge,MA,2139,42.361603,-71.097305,2
Peet's Coffee & Tea,100 Mount Auburn St,Cambridge,MA,2138,42.3728,-71.120735,1
Plaza Catering,157 6th St,Cambridge,MA,2142,42.366653,-71.08598,1
Qafe,58 Plympton St,Cambridge,MA,2138,42.371063,-71.11726,3
R J Gourmet,441 Cambridge St,Cambridge,MA,2141,42.371494,-71.0835,2
Simon's Too,983 Massachusetts Ave,Cambridge,MA,2138,42.369167,-71.110695,1
Singa Bella Cafe,2401 Massachusetts Ave,Cambridge,MA,2140,42.397156,-71.13006,3
Starbucks,100 Cambridgeside Pl # 153,Cambridge,MA,2141,42.367463,-71.076121,2
Starbucks,114 Bishop Richard Allen Dr,Cambridge,MA,2139,42.36617,-71.10289,2
Starbucks,1384 Massachusetts Ave,Cambridge,MA,2138,42.373714,-71.118866,2
Starbucks,6 Cambridge Ctr,Cambridge,MA,2142,42.363893,-71.087937,2
Starbucks,220 Alewife Brook Pkwy,Cambridge,MA,2138,42.38805,-71.14286,2
Starbucks,31 Church St,Cambridge,MA,2138,42.374393,-71.12038,2
Starbucks,36 Jfk St # 10,Cambridge,MA,2138,42.37278,-71.11998,2
Starbucks,468 Broadway # 1,Cambridge,MA,2138,42.374096,-71.11313,2
Starbucks,2 Cambridge Ctr,Cambridge,MA,2142,42.3629,-71.08598,2
Starbucks,655 Massachusetts Ave,Cambridge,MA,2139,42.36553,-71.10389,2
Starbucks,1662 Massachusetts Ave,Cambridge,MA,2138,42.381899,-71.120053,2
Starbucks,750 Memorial Dr,Cambridge,MA,2139,42.35772,-71.115295,2
Sunset Cafe Inc,851 Cambridge St,Cambridge,MA,2141,42.372467,-71.09108,1
Sweet Touch Cafe,241 Cambridge St,Cambridge,MA,2141,42.371063,-71.080154,1
Tasin & Coffee Express,766 Cambridge St,Cambridge,MA,2141,42.372257,-71.08952,1
Tealuxe,0 Brattle St,Cambridge,MA,2138,42.373253,-71.120834,1
Teavana,100 Cambridgeside Pl # E206,Cambridge,MA,2141,42.367104,-71.0766,2
Tisan Coffee Express,1722 Massachusetts Ave,Cambridge,MA,2138,42.384068,-71.11955,2
Tisan Coffee Express,766 Cambridge St # A,Cambridge,MA,2141,42.372257,-71.08952,2
Verna's Donut Shop,2344 Massachusetts Ave,Cambridge,MA,2140,42.39609,-71.128845,3
Voltage Coffee & Art,295 3rd St,Cambridge,MA,2142,42.36528,-71.08267,1
Wu Healing Ctr,740 Cambridge St,Cambridge,MA,2141,42.372208,-71.08914,2
Simon's Coffee Shop,1736 Massachusetts Ave,Cambridge,MA,2138,42.384598,-71.119738,1
Starbucks,699 Mount Auburn Street,Cambridge,MA,2138,42.375159,-71.148877,2
Bourbon Coffee,1815 Massachusetts Ave,Cambridge,MA,2140,42.3873,-71.118901,2
